{"loss": 0.6936700940132141, "_timestamp": 1716559538.026946, "_runtime": 17.572956085205078, "_step": 307, "_wandb": {"runtime": 16}}