{"loss": 0.03161589428782463, "_timestamp": 1716558612.749652, "_runtime": 123.84968090057373, "_step": 2490, "accuracy": 0.9911764860153198, "_wandb": {"runtime": 122}}