{"loss": 0.843553900718689, "_timestamp": 1716558023.3866339, "_runtime": 59.733335971832275, "_step": 322}