{"loss": 5.177138805389404, "_timestamp": 1716549305.992797, "_runtime": 5.24524998664856, "_step": 32, "_wandb": {"runtime": 4}}