{"loss": 0.0228559710085392, "_timestamp": 1716546945.345315, "_runtime": 68.85262894630432, "_step": 2599, "_wandb": {"runtime": 68}}