{"loss": 0.008476365357637405, "_timestamp": 1716559972.0741298, "_runtime": 116.3375518321991, "_step": 93, "accuracy": 0.9960784316062927, "_wandb": {"runtime": 115}}