{"loss": 1.3195446729660034, "_timestamp": 1716548279.3487601, "_runtime": 50.927168130874634, "_step": 1299, "_wandb": {"runtime": 49}}