{"loss": 1.6637567281723022, "_timestamp": 1716548206.8598342, "_runtime": 51.313027143478394, "_step": 1299, "_wandb": {"runtime": 50}}