{"loss": 2.236130714416504, "_timestamp": 1716548128.485644, "_runtime": 48.05230498313904, "_step": 1299, "_wandb": {"runtime": 47}}