{"loss": 0.9550313353538513, "_timestamp": 1716548516.2383842, "_runtime": 84.66153526306152, "_step": 559, "_wandb": {"runtime": 84}}