{"loss": 0.007309633307158947, "_timestamp": 1716559684.364056, "_runtime": 123.55331921577454, "_step": 2489, "_wandb": {"runtime": 127}}