{"loss": 0.12468338012695312, "_timestamp": 1716548765.1022, "_runtime": 67.20565891265869, "_step": 559, "_wandb": {"runtime": 66}}