{"loss": 0.00011914836068172008, "_timestamp": 1716550786.464651, "_runtime": 297.6564040184021, "_step": 6550, "_wandb": {"runtime": 297}}