{"loss": 0.16927120089530945, "_timestamp": 1716558346.801826, "_runtime": 221.0158760547638, "_step": 1249, "_wandb": {"runtime": 220}}