{"loss": 1.0439157485961914, "_timestamp": 1716547863.569793, "_runtime": 44.75970792770386, "_step": 1299, "_wandb": {"runtime": 43}}