{"loss": 0.1361512541770935, "_timestamp": 1716557422.690072, "_runtime": 105.16586017608643, "_step": 468, "_wandb": {"runtime": 104}}