{"loss": 1.302903652191162, "_timestamp": 1716547982.574982, "_runtime": 45.6192409992218, "_step": 1299, "_wandb": {"runtime": 44}}