{"loss": 1.7191684246063232, "_timestamp": 1716548840.390269, "_runtime": 58.82340598106384, "_step": 559, "_wandb": {"runtime": 58}}