{"loss": 1.5320618152618408, "_timestamp": 1716548646.550209, "_runtime": 69.37344002723694, "_step": 559, "_wandb": {"runtime": 68}}