{"loss": 5.246302604675293, "_timestamp": 1716547270.4017138, "_runtime": 21.027790784835815, "_step": 699, "_wandb": {"runtime": 19}}