{"loss": 1.0684365034103394, "_timestamp": 1716547699.763869, "_runtime": 46.492599964141846, "_step": 1299, "_wandb": {"runtime": 45}}