{"loss": 0.42415571212768555, "_timestamp": 1716548377.834771, "_runtime": 70.9204969406128, "_step": 559, "_wandb": {"runtime": 70}}