{"loss": 0.09088060259819031, "_timestamp": 1716557932.6639428, "_runtime": 391.7728588581085, "_step": 1747, "_wandb": {"runtime": 391}}