{"loss": 1.3512153625488281, "_timestamp": 1716548048.5367029, "_runtime": 47.70549488067627, "_step": 1299, "_wandb": {"runtime": 47}}