{"loss": 0.9216935038566589, "_timestamp": 1716547415.159605, "_runtime": 67.91002202033997, "_step": 2599, "_wandb": {"runtime": 67}}