{"loss": 0.0004278763954062015, "_timestamp": 1716550948.998003, "_runtime": 147.66877007484436, "_step": 3159, "_wandb": {"runtime": 147}}